topic,tweet,tokenized tweet,R1,R2,R3,R4,R5,R1-1-1,R2-1-2,R3-2-1,R4-2-2,R5-3-1,R6-3-2,R7-3-3,R8-4-1,R9-4-2,R10-5-1,R11-5-2,R12-5-3,I1,I2,I3,I4,I5,I6,I7,I8,I9,I10,I11,I12
Black Lives Matter,"We’ve been listening a lot this week and.

We support standing up for racial justice.

We support 
, 
, and 
 for their courage and strength while broadcasting during this very difficult week.

We support #BlackLivesMatter","We ’ ve been listening a lot this week and . We support standing up for racial justice . We support , , and for their courage and strength while broadcasting during this very difficult week . We support #BlackLivesMatter",0,0,0,0,1,0,0,0,0,0,0,0,0,0,0,1,0,-1,-1,-1,-1,-1,-1,-1,-1,-1,-1,0,-1
Black Lives Matter,"More than 200 are demonstrating at the Christopher Columbus statue in Richmond’s Byrd Park. Organizers say their intention is to bring attention to discrimination facing indigenous peoples, and show solidarity with the #BlackLivesMatter movement. 
 will have a full story.","More than 200 are demonstrating at the Christopher Columbus statue in Richmond ’ s Byrd Park . Organizers say their intention is to bring attention to discrimination facing indigenous peoples , and show solidarity with the #BlackLivesMatter movement . will have a full story .",0,0,0,0,1,0,0,0,0,0,0,0,0,0,0,1,0,-1,-1,-1,-1,-1,-1,-1,-1,-1,-1,1,-1
Black Lives Matter,"ComicBook Debate stands with #BlackLivesMatter.

To help continue raise awareness, my brothers & I came together for a short discussion on systematic racism and police brutality.

In our video you’ll find multiple links guiding you to where to donate, sign, & use your voice.","ComicBook Debate stands with #BlackLivesMatter . To help continue raise awareness , my brothers & I came together for a short discussion on systematic racism and police brutality . In our video you ’ ll find multiple links guiding you to where to donate , sign , & use your voice .",0,0,0,0,1,0,0,0,0,0,0,0,0,0,1,1,0,-1,-1,-1,-1,-1,-1,-1,-1,-1,1,1,-1
Black Lives Matter,"WATCH what #racism does to each generation of black children indoctrinated with hate directed at them for the color of their skin. If you don't see the emotional & psychological damage that can create, then you're blind. #BlackLivesMatter cuz ""their houses are on fire"" not yours.","WATCH what #racism does to each generation of black children indoctrinated with hate directed at them for the color of their skin . If you don't see the emotional & psychological damage that can create , then you're blind . #BlackLivesMatter cuz "" their houses are on fire "" not yours .",0,0,0,0,1,0,0,0,0,0,0,0,0,0,0,1,0,-1,-1,-1,-1,-1,-1,-1,-1,-1,-1,1,-1
Black Lives Matter,I can think of very few hashtags more important than #BlackLivesMatter - Let's never forget all the lives lost to white supremacy.,I can think of very few hashtags more important than #BlackLivesMatter - Let's never forget all the lives lost to white supremacy .,0,0,0,0,1,0,0,0,0,0,0,0,0,0,0,1,1,-1,-1,-1,-1,-1,-1,-1,-1,-1,-1,0,3
Black Lives Matter,Spreads the word! #Ferguson calls Monday 4:30 shut down freeways - slow down with flashers on for 4 1/2 min. #MikeBrown #BlackLivesMatter,Spreads the word ! #Ferguson calls Monday 4:30 shut down freeways - slow down with flashers on for 4 1/2 min . #MikeBrown #BlackLivesMatter,0,0,0,0,1,0,0,0,0,0,0,0,0,0,0,1,0,-1,-1,-1,-1,-1,-1,-1,-1,-1,-1,1,-1
Black Lives Matter,"This should be national news. this is exactly what moved 
 to first #TakeAKnee, & why it's necessary to say #BlackLivesMatter!","This should be national news . this is exactly what moved to first #TakeAKnee , & why it's necessary to say #BlackLivesMatter !",0,0,0,0,1,0,0,0,0,0,0,0,0,0,0,1,1,-1,-1,-1,-1,-1,-1,-1,-1,-1,-1,1,4
Black Lives Matter,Question: all of the Black celebrities outchea talking about #BlackLivesMatter.how many of them have Black representation.how many are with a black-owned agency?,Question : all of the Black celebrities outchea talking about #BlackLivesMatter . how many of them have Black representation.how many are with a black-owned agency ?,0,0,0,0,1,0,0,0,0,0,0,0,0,0,1,1,1,-1,-1,-1,-1,-1,-1,-1,-1,-1,2,1,3
Black Lives Matter,I really need y’all to DELETE & STOP USING TIK TOK. If you’re fighting for #BlackLivesMatter & then go & use tik tok it makes no sense. Its a racist app that uses certain algorithms to filter out POC. But they have no problem leaving racist videos on the app.,I really need y ’ all to DELETE & STOP USING TIK TOK . If you ’ re fighting for #BlackLivesMatter & then go & use tik tok it makes no sense . Its a racist app that uses certain algorithms to filter out POC . But they have no problem leaving racist videos on the app .,0,0,0,0,1,0,0,0,0,0,0,0,0,0,0,1,0,-1,-1,-1,-1,-1,-1,-1,-1,-1,-1,1,-1
Black Lives Matter,"Cops are out hunting down blacks, correct #BlackLivesMatter ? Truth, black males average .32 encounters with police vs .35 for white males. Go put that on a picket sign.","Cops are out hunting down blacks , correct #BlackLivesMatter ? Truth , black males average . 32 encounters with police vs . 35 for white males . Go put that on a picket sign .",0,0,0,0,1,0,0,0,0,0,0,0,0,0,0,1,0,-1,-1,-1,-1,-1,-1,-1,-1,-1,-1,1,-1
Black Lives Matter,Every American should go to African American History Museum in #DC. Such a critical part of our nations history & current realities. #BLM,Every American should go to African American History Museum in #DC . Such a critical part of our nations history & current realities . #BLM,0,0,1,0,0,0,0,0,0,0,0,1,0,0,0,0,0,-1,-1,-1,-1,-1,-1,1,-1,-1,-1,-1,-1
Black Lives Matter,"Systemic racism is being statistically more likely to be harmed or die from police brutality, gun violence, COVID-19, treatable diseases, malnutrition, unsafe drinking water, severe weather, AND MORE simply because of the color of your skin. #WearOrange because #BlackLivesMatter.","Systemic racism is being statistically more likely to be harmed or die from police brutality , gun violence , COVID - 19 , treatable diseases , malnutrition , unsafe drinking water , severe weather , AND MORE simply because of the color of your skin . #WearOrange because #BlackLivesMatter .",0,0,0,0,1,0,0,0,0,0,0,0,0,0,1,1,0,-1,-1,-1,-1,-1,-1,-1,-1,-1,2,1,-1
Black Lives Matter,"If youre confused abt how #BlackLivesMatter doesn't mean other lives don't, just add ""TOO"" end. BLACK LIVES MATTER, TOO. It's not hard","If youre confused abt how #BlackLivesMatter doesn't mean other lives don't , just add "" TOO "" end . BLACK LIVES MATTER , TOO . It's not hard",0,0,0,0,1,0,0,0,0,0,0,0,0,0,1,1,1,-1,-1,-1,-1,-1,-1,-1,-1,-1,1,0,4
Black Lives Matter,"reminder: people are wearing gas masks because they are afraid of being chemically attacked, not to scare police officers. #blacklivesmatter","reminder : people are wearing gas masks because they are afraid of being chemically attacked , not to scare police officers . #blacklivesmatter",0,0,0,0,1,0,0,0,0,0,0,0,0,0,0,0,1,-1,-1,-1,-1,-1,-1,-1,-1,-1,-1,-1,4
Black Lives Matter,"Holding 
 & family in my heart & thoughts today as they continue struggle 4 #Justice4MiriamCarey 4 yrs later #BlackLivesMatter",Holding & family in my heart & thoughts today as they continue struggle 4 #Justice4MiriamCarey 4 yrs later #BlackLivesMatter,0,0,0,0,1,0,0,0,0,0,0,0,0,0,0,1,1,-1,-1,-1,-1,-1,-1,-1,-1,-1,-1,1,3
Black Lives Matter,Panelist highlighting that we all have a role to play. And we have to own the maintenance of the community. We must speak. #BlackLivesMatter,Panelist highlighting that we all have a role to play . And we have to own the maintenance of the community . We must speak . #BlackLivesMatter,0,0,0,0,1,0,0,0,0,0,0,0,0,0,0,0,1,-1,-1,-1,-1,-1,-1,-1,-1,-1,-1,-1,4
Black Lives Matter,at Home Depot we wear aprons and we can write on them so i wrote down a list of ppl that have been killed at the hand of police brutality and many other things including #blacklivesmatter on it and slowly but surely im weeding out which coworkers are against BLM or conservative,at Home Depot we wear aprons and we can write on them so i wrote down a list of ppl that have been killed at the hand of police brutality and many other things including #blacklivesmatter on it and slowly but surely im weeding out which coworkers are against BLM or conservative,0,0,0,0,1,0,0,0,0,0,0,0,0,0,0,1,0,-1,-1,-1,-1,-1,-1,-1,-1,-1,-1,1,-1
Black Lives Matter,"DIM stands in solidarity with the Black community in acknowledging centuries of white oppression and violence. Rest in power George Floyd, Breonna Taylor, Amaud Arbery, and the countless victims of systemic violence. #BlackLivesMatter","DIM stands in solidarity with the Black community in acknowledging centuries of white oppression and violence . Rest in power George Floyd , Breonna Taylor , Amaud Arbery , and the countless victims of systemic violence . #BlackLivesMatter",0,0,1,0,1,0,0,0,0,1,0,0,0,0,1,1,0,-1,-1,-1,-1,0,-1,-1,-1,-1,1,1,-1
Black Lives Matter,"of course change is uncomfortable 

we’re collectively growing as people to a place we haven’t been to before

discomfort is part of growth,
don’t let it discourage you
don’t let it intimidate you

don’t stop fighting for change 

#BLM #GeorgeFloyd #Justice","of course change is uncomfortable we ’ re collectively growing as people to a place we haven ’ t been to before discomfort is part of growth , don ’ t let it discourage you don ’ t let it intimidate you don ’ t stop fighting for change #BLM #GeorgeFloyd #Justice",0,0,0,0,1,0,0,0,0,0,0,0,0,0,1,0,0,-1,-1,-1,-1,-1,-1,-1,-1,-1,1,-1,-1
Black Lives Matter,"“As long as you are convinced you have never done anything, you can never do anything.” ― Malcolm X #blacklivesmatter","“ As long as you are convinced you have never done anything , you can never do anything . ” ― Malcolm X #blacklivesmatter",0,0,0,0,1,0,0,0,0,0,0,0,0,0,0,1,1,-1,-1,-1,-1,-1,-1,-1,-1,-1,-1,1,4
Black Lives Matter,Utah. Where you can be fired for manhandling a white woman and acquitted of killing a black man. #PatrickHarmon #BlackLivesMatter,Utah . Where you can be fired for manhandling a white woman and acquitted of killing a black man . #PatrickHarmon #BlackLivesMatter,0,0,0,0,1,0,0,0,0,0,0,0,0,0,0,1,0,-1,-1,-1,-1,-1,-1,-1,-1,-1,-1,1,-1
Black Lives Matter,"Washington now: A medic tent, a volunteer registering people to vote, free sancks and water and handsanitizer, and a barbeque stand outside the church where Trump had the photo-op.
#BlackLivesMatter","Washington now : A medic tent , a volunteer registering people to vote , free sancks and water and handsanitizer , and a barbeque stand outside the church where Trump had the photo-op . #BlackLivesMatter",0,0,0,0,1,0,0,0,0,0,0,0,0,0,1,1,0,-1,-1,-1,-1,-1,-1,-1,-1,-1,1,1,-1
Black Lives Matter,We will not share the #PatrickHarmon video. We continue to fight this fight. We send strength to his family & loved ones. #BlackLivesMatter,We will not share the #PatrickHarmon video . We continue to fight this fight . We send strength to his family & loved ones . #BlackLivesMatter,0,0,1,0,1,0,0,0,0,1,0,0,0,0,0,1,1,-1,-1,-1,-1,0,-1,-1,-1,-1,-1,1,4
Black Lives Matter,"Heart of Hoodie Black lives Matter 
Out Now! The start of Change •
20% of all proceeds from the sale of these hoodies will be donated to local Black owned businesses #blacklivesmatter #blackownedbusiness",Heart of Hoodie Black lives Matter Out Now ! The start of Change • 20 % of all proceeds from the sale of these hoodies will be donated to local Black owned businesses #blacklivesmatter #blackownedbusiness,0,0,0,0,1,0,0,0,0,0,0,0,0,0,1,1,0,-1,-1,-1,-1,-1,-1,-1,-1,-1,0,0,-1
Black Lives Matter,"Y'all need to man the fuxx up and take the knee, hiding in the locker ain't gone do shxt for the culture #blm","Y'all need to man the fuxx up and take the knee , hiding in the locker ain't gone do shxt for the culture #blm",0,0,0,0,1,0,0,0,0,0,0,0,0,0,0,1,0,-1,-1,-1,-1,-1,-1,-1,-1,-1,-1,1,-1
Black Lives Matter,I love being a Black man--not in spite of the hate of others but because of a well justified self-love--for a people. #BlackLivesMatter,I love being a Black man--not in spite of the hate of others but because of a well justified self-love--for a people . #BlackLivesMatter,0,0,1,0,1,0,0,0,0,0,0,1,0,0,0,1,1,-1,-1,-1,-1,-1,-1,0,-1,-1,-1,0,4
Black Lives Matter,"This is me. My authentic self. It took me years to find my voice. But now I have. And I will continue to speak. Because these are the conversations we need to have. I am first, and foremost, a black woman. I love the skin I'm in. #BlackLivesMatter #BlackintheIvory","This is me . My authentic self . It took me years to find my voice . But now I have . And I will continue to speak . Because these are the conversations we need to have . I am first , and foremost , a black woman . I love the skin I'm in . #BlackLivesMatter #BlackintheIvory",0,0,0,0,1,0,0,0,0,0,0,0,0,0,0,1,1,-1,-1,-1,-1,-1,-1,-1,-1,-1,-1,0,3
Black Lives Matter,The Ferguson community invited us to a community BBQ and now they've asked us to turn up for justice with them. #BlackLivesMatter,The Ferguson community invited us to a community BBQ and now they've asked us to turn up for justice with them . #BlackLivesMatter,0,0,0,0,1,0,0,0,0,0,0,0,0,0,0,1,0,-1,-1,-1,-1,-1,-1,-1,-1,-1,-1,1,-1
Black Lives Matter,"Suggestion for everyone asking ""what can I do?""

Start by saying ""BLACK people."" Not people of color. 

A BLACK man was murdered. BLACK people are disproportionately impacted by COVID.

BLACK people were victims of 400 years of oppression & #racism.

Oh yeah, & #BlackLivesMatter.","Suggestion for everyone asking "" what can I do ? "" Start by saying "" BLACK people . "" Not people of color . A BLACK man was murdered . BLACK people are disproportionately impacted by COVID . BLACK people were victims of 400 years of oppression & #racism . Oh yeah , & #BlackLivesMatter .",0,0,0,0,1,0,0,0,0,0,0,0,0,0,0,1,0,-1,-1,-1,-1,-1,-1,-1,-1,-1,-1,0,-1
Black Lives Matter,Body cam footage of unarmed Utah man being shot in the back as he flees is why people kneel #BLM #NFL #MAGA #Patriot,Body cam footage of unarmed Utah man being shot in the back as he flees is why people kneel #BLM #NFL #MAGA #Patriot,0,0,0,0,1,0,0,0,0,0,0,0,0,0,1,1,0,-1,-1,-1,-1,-1,-1,-1,-1,-1,3,1,-1
Black Lives Matter,"This #BlackLivesMatter protest was an incredibly powerful demonstration of collective action today in #LdnOnt, and I was honoured to be in the presence of such tremendous activists.","This #BlackLivesMatter protest was an incredibly powerful demonstration of collective action today in #LdnOnt , and I was honoured to be in the presence of such tremendous activists .",0,0,0,0,1,0,0,0,0,0,0,0,0,0,0,1,0,-1,-1,-1,-1,-1,-1,-1,-1,-1,-1,0,-1
Black Lives Matter,"Wowsers! I want to fear-vomit and rage-weep right now, but that's not particularly productive so here's a list of resources for protesters, black or otherwise. Stay safe, stay strong. #BlackLivesMatter","Wowsers ! I want to fear-vomit and rage-weep right now , but that's not particularly productive so here's a list of resources for protesters , black or otherwise . Stay safe , stay strong . #BlackLivesMatter",0,0,0,0,1,0,0,0,0,0,0,0,0,0,1,1,0,-1,-1,-1,-1,-1,-1,-1,-1,-1,1,1,-1
Black Lives Matter,"Thousands of protesters are currently marching through Brooklyn, while those in cars honk in solidarity. Their demand is clear: ""Defund, disarm, abolish the police!""

#BlackLivesMatter #FTP #DefundToZero #NycProtest","Thousands of protesters are currently marching through Brooklyn , while those in cars honk in solidarity . Their demand is clear : "" Defund , disarm , abolish the police ! "" #BlackLivesMatter #FTP #DefundToZero #NycProtest",0,0,0,0,1,0,0,0,0,0,0,0,0,0,1,1,0,-1,-1,-1,-1,-1,-1,-1,-1,-1,1,1,-1
Black Lives Matter,6 years? Marching? Interesting #BlackLivesMatter just celebrated 4 years. Yes we heard all the pro-good cop/ all lives matter we could take.,6 years ? Marching ? Interesting #BlackLivesMatter just celebrated 4 years . Yes we heard all the pro-good cop / all lives matter we could take .,0,0,0,0,1,0,0,0,0,0,0,0,0,0,0,1,0,-1,-1,-1,-1,-1,-1,-1,-1,-1,-1,1,-1
Black Lives Matter,"We should be outraged over who is left to die under the US flag, not who kneels under it #puertorico #BlackLivesMatter","We should be outraged over who is left to die under the US flag , not who kneels under it #puertorico #BlackLivesMatter",0,0,0,0,1,0,0,0,0,0,0,0,0,0,0,1,1,-1,-1,-1,-1,-1,-1,-1,-1,-1,-1,1,3
Black Lives Matter,"Currently reading ""The Truth About White People"" by Lola Peters. Some great quotes to ponder in the following thread. #BlackLivesMatter","Currently reading "" The Truth About White People "" by Lola Peters . Some great quotes to ponder in the following thread . #BlackLivesMatter",0,0,0,0,1,0,0,0,0,0,0,0,0,0,0,1,0,-1,-1,-1,-1,-1,-1,-1,-1,-1,-1,1,-1
Black Lives Matter,Body cam footage of unarmed Utah man being shot in the back as he flees is why people kneel #BLM,Body cam footage of unarmed Utah man being shot in the back as he flees is why people kneel #BLM,0,0,0,0,1,0,0,0,0,0,0,0,0,0,0,1,0,-1,-1,-1,-1,-1,-1,-1,-1,-1,-1,1,-1
Black Lives Matter,We do not negotiate with the lives or livelihoods of our community. If you #criminalize them you're doing it to all of us! #Not1More #BlackLivesMatter #SchoolsNotPrisons #ProtectOurHoods #PeopleOverPolitricks,We do not negotiate with the lives or livelihoods of our community . If you #criminalize them you're doing it to all of us ! #Not1More #BlackLivesMatter #SchoolsNotPrisons #ProtectOurHoods #PeopleOverPolitricks,0,0,0,0,1,0,0,0,0,0,0,0,0,0,1,0,0,-1,-1,-1,-1,-1,-1,-1,-1,-1,3,-1,-1
Black Lives Matter,"It's more important now than ever to not only support the #BlackLivesMatter movement through spreading important news on social media, but also through educational resources, and supporting Black businesses wherever possible. Here's a non-exhaustive list:","It's more important now than ever to not only support the #BlackLivesMatter movement through spreading important news on social media , but also through educational resources , and supporting Black businesses wherever possible . Here's a non-exhaustive list :",0,0,0,0,1,0,0,0,0,0,0,0,0,0,0,1,0,-1,-1,-1,-1,-1,-1,-1,-1,-1,-1,1,-1
Black Lives Matter,This is what rioters did to the Minneapolis Sheraton they took over after the riots. This was converted to their “sanctuary.” They raised hundreds of thousands through crowdfunding to support the illegal occupation. #BlackLivesMatter,This is what rioters did to the Minneapolis Sheraton they took over after the riots . This was converted to their “ sanctuary . ” They raised hundreds of thousands through crowdfunding to support the illegal occupation . #BlackLivesMatter,0,0,0,0,1,0,0,0,0,0,0,0,0,0,1,1,0,-1,-1,-1,-1,-1,-1,-1,-1,-1,1,1,-1
Black Lives Matter,We are individuals from all over the world who are proud to come together as a team and fight racism. #BLM #BlackLivesMatter,We are individuals from all over the world who are proud to come together as a team and fight racism . #BLM #BlackLivesMatter,0,0,0,0,1,0,0,0,0,0,0,0,0,0,1,1,0,-1,-1,-1,-1,-1,-1,-1,-1,-1,1,1,-1
Black Lives Matter,Why is it considered a revolutionary idea to be able to say #BlackLivesMatter but still have respect for the police?,Why is it considered a revolutionary idea to be able to say #BlackLivesMatter but still have respect for the police ?,0,0,0,0,1,0,0,0,0,0,0,0,0,0,1,1,1,-1,-1,-1,-1,-1,-1,-1,-1,-1,0,0,4
Black Lives Matter,I really hope George Floyd’s story and the protests are still being discussed and made aware of after this week. Keep the discussion going. Don’t scrape this under the rug. #BLM,I really hope George Floyd ’ s story and the protests are still being discussed and made aware of after this week . Keep the discussion going . Don ’ t scrape this under the rug . #BLM,0,0,0,0,1,0,0,0,0,0,0,0,0,0,1,1,0,-1,-1,-1,-1,-1,-1,-1,-1,-1,1,0,-1
Black Lives Matter,"""Y'all, the alarm clock has gone off, we are awake and it behooves us not to go back to sleep!"" #ferguson #michaelbrown #blackLivesMatter",""" Y'all , the alarm clock has gone off , we are awake and it behooves us not to go back to sleep ! "" #ferguson #michaelbrown #blackLivesMatter",0,0,0,0,1,0,0,0,0,0,0,0,0,0,0,1,0,-1,-1,-1,-1,-1,-1,-1,-1,-1,-1,1,-1
Black Lives Matter,Nvr did I think I would live 2 c what life was like in the 1960s but I have in at least the last 3 yrs #WeAreAllFerguson #blacklivesMATTER,Nvr did I think I would live 2 c what life was like in the 1960s but I have in at least the last 3 yrs #WeAreAllFerguson #blacklivesMATTER,0,0,0,0,1,0,0,0,0,0,0,0,0,0,1,1,0,-1,-1,-1,-1,-1,-1,-1,-1,-1,2,1,-1
Black Lives Matter,Make sure that the anger and frustration you have right now you use to be proactive and strategic ! #BlackLivesMatter,Make sure that the anger and frustration you have right now you use to be proactive and strategic ! #BlackLivesMatter,0,0,0,0,1,0,0,0,0,0,0,0,0,0,0,1,0,-1,-1,-1,-1,-1,-1,-1,-1,-1,-1,0,-1
Black Lives Matter,I raise my voice for Black Women & Girls because we are ignored even as we stand frontline fighting for you. #Ferguson #BlackLivesMatter,I raise my voice for Black Women & Girls because we are ignored even as we stand frontline fighting for you . #Ferguson #BlackLivesMatter,0,0,0,0,1,0,0,0,0,0,0,0,0,0,1,1,0,-1,-1,-1,-1,-1,-1,-1,-1,-1,1,0,-1
Black Lives Matter,"Whatever your struggle, remember how it feels when people don't show up and aren't there to support you. 

""In the end we will remember not the words of our enemies, but the silence of our friends"" -MLK

#BlackLivesMatter 
#JusticeForGeorgeFloyd","Whatever your struggle , remember how it feels when people don't show up and aren't there to support you . "" In the end we will remember not the words of our enemies , but the silence of our friends "" - MLK #BlackLivesMatter #JusticeForGeorgeFloyd",0,0,0,0,1,0,0,0,0,0,0,0,0,0,0,1,0,-1,-1,-1,-1,-1,-1,-1,-1,-1,-1,1,-1
Black Lives Matter,"A supervisor of mine on a project called me today and started the conversation with: “Did you have a good weekend?”

What the fnck is wrong with white people?!?!?

It is soooo exhausting being black at work. #BlackLivesMatter #protests2020",A supervisor of mine on a project called me today and started the conversation with : “ Did you have a good weekend ? ” What the fnck is wrong with white people ? ! ? ! ? It is soooo exhausting being black at work . #BlackLivesMatter #protests2020,0,0,0,0,1,0,0,0,0,0,0,0,0,0,1,1,0,-1,-1,-1,-1,-1,-1,-1,-1,-1,1,1,-1
Black Lives Matter,"Is this an admission by 
 that Atl Civilian Review Board is toothless. And that she as Mayor and councilmemember along with police chiefs including Shields have allowed it to become a paper tiger and joke in communities of color #gapol #blacklivesmatter",Is this an admission by that Atl Civilian Review Board is toothless . And that she as Mayor and councilmemember along with police chiefs including Shields have allowed it to become a paper tiger and joke in communities of color #gapol #blacklivesmatter,0,0,0,0,1,0,0,0,0,0,0,0,0,0,0,1,0,-1,-1,-1,-1,-1,-1,-1,-1,-1,-1,1,-1
Democracy,The more deliberate is the immiseration of the populations of the West the clearer it is that the war started by lockdown is not between nation states but a civil war waged by international technocracies of global capitalism against national institutions of democratic governance.,The more deliberate is the immiseration of the populations of the West the clearer it is that the war started by lockdown is not between nation states but a civil war waged by international technocracies of global capitalism against national institutions of democratic governance .,0,0,0,1,0,0,0,0,0,0,0,0,1,0,0,0,0,-1,-1,-1,-1,-1,-1,-1,2,-1,-1,-1,-1
Democracy,Two tier judicial system…. Shocking miss use of democratic powers look how Tommy Robinson has been vilified for standing up for underage victims of grooming gangs of rochdale Rotherham Luton etc etc,Two tier judicial system … . Shocking miss use of democratic powers look how Tommy Robinson has been vilified for standing up for underage victims of grooming gangs of rochdale Rotherham Luton etc etc,0,0,0,0,1,0,0,0,0,0,0,0,0,0,0,1,0,-1,-1,-1,-1,-1,-1,-1,-1,-1,-1,1,-1
Democracy,"Day 2 of the #WarsawHDC: During the plenary on democratic institutions participants discussed:
New trends and challenges
Equal participation to public and political life
The role of national human rights institutions and civil society
Genuine and fair elections",Day 2 of the #WarsawHDC : During the plenary on democratic institutions participants discussed : New trends and challenges Equal participation to public and political life The role of national human rights institutions and civil society Genuine and fair elections,0,0,0,1,0,0,0,0,0,0,0,0,1,0,0,0,0,-1,-1,-1,-1,-1,-1,-1,1,-1,-1,-1,-1
Democracy,"Even if you don’t like 
 which is your right since we’re in a democratic system,there’s no way you will pas through Kaduna City & not appreciate the beautiful works he’s done thus far. Mallam is the father of modern Kaduna. It’s our hope that his successor would do better.","Even if you don ’ t like which is your right since we ’ re in a democratic system , there ’ s no way you will pas through Kaduna City & not appreciate the beautiful works he ’ s done thus far . Mallam is the father of modern Kaduna . It ’ s our hope that his successor would do better .",0,0,0,0,0,0,0,0,0,0,0,0,0,0,0,0,0,-1,-1,-1,-1,-1,-1,-1,-1,-1,-1,-1,-1
Democracy,"Are U ready for real freedom? is the future of a free democratic country or a fascist future without rights, bound in a rotten system. Will corrupt rulers be our destiny? U decide now. Millions of people take to the streets & change the system ⁧#حقیقی_آزادی_مارچ","Are U ready for real freedom ? is the future of a free democratic country or a fascist future without rights , bound in a rotten system . Will corrupt rulers be our destiny ? U decide now . Millions of people take to the streets & change the system ⁧ #حقیقی_آزادی_مارچ",0,0,0,0,1,0,0,0,0,0,0,0,0,0,1,0,0,-1,-1,-1,-1,-1,-1,-1,-1,-1,0,-1,-1
Democracy,Political leaders have no souls. Only focus on votebank appeasement to clinch & control power. That is the failure of democratic system.,Political leaders have no souls . Only focus on votebank appeasement to clinch & control power . That is the failure of democratic system .,1,0,0,0,0,0,1,0,0,0,0,0,0,0,0,0,0,-1,2,-1,-1,-1,-1,-1,-1,-1,-1,-1,-1
Democracy,"Let's wait and see what the Latino community in Florida will do. If they have some common sense and care for our democratic institutions, they will vote him out.","Let's wait and see what the Latino community in Florida will do . If they have some common sense and care for our democratic institutions , they will vote him out .",0,1,0,0,1,0,0,0,1,0,0,0,0,0,0,0,1,-1,-1,-1,1,-1,-1,-1,-1,-1,-1,-1,3
Democracy,"""'s victory is not only about pushing the invaders behind the '91 borders. It's about the country after victory, as part of the. We want to be an equal part ofwith rule of law, with democratic institutions. That is what we are fighting for."" 
 
 #17KyivDialogue",""" ' s victory is not only about pushing the invaders behind the ' 91 borders . It's about the country after victory , as part of the . We want to be an equal part ofwith rule of law , with democratic institutions . That is what we are fighting for . "" #17KyivDialogue",0,0,0,0,1,0,0,0,0,0,0,0,0,0,1,0,0,-1,-1,-1,-1,-1,-1,-1,-1,-1,1,-1,-1
Democracy,"“Do our institutions, stories, policies and practices serve the purpose of building a just multiracial democratic society? It’s really not more complicated than that.” 
 #capcon22 #communityaction","“ Do our institutions , stories , policies and practices serve the purpose of building a just multiracial democratic society ? It ’ s really not more complicated than that . ” #capcon22 #communityaction",0,0,0,0,1,0,0,0,0,0,0,0,0,0,0,1,1,-1,-1,-1,-1,-1,-1,-1,-1,-1,-1,0,4
Democracy,"The US and its allies are waging a fierce hybrid war, across multiple continents and using multiple means of warfare, to protect the imperialist world system and to prevent its replacement by a democratic, multipolar order. China-Russia unity is indispensable for the fightback.","The US and its allies are waging a fierce hybrid war , across multiple continents and using multiple means of warfare , to protect the imperialist world system and to prevent its replacement by a democratic , multipolar order . China-Russia unity is indispensable for the fightback .",0,0,0,1,0,0,0,0,0,0,0,0,1,0,0,0,0,-1,-1,-1,-1,-1,-1,-1,1,-1,-1,-1,-1
Democracy,"My Washington Post subscription allows me to share this interesting essay.
From article: ""Our political system has a sharp minoritarian bias, but there is little doubt that Democratic positions are way more popular than Republican ones.""

Read here:","My Washington Post subscription allows me to share this interesting essay . From article : "" Our political system has a sharp minoritarian bias , but there is little doubt that Democratic positions are way more popular than Republican ones . "" Read here :",0,0,0,0,1,0,0,0,0,0,0,0,0,0,0,1,1,-1,-1,-1,-1,-1,-1,-1,-1,-1,-1,1,3
Democracy,Strange that a democratic society like UK still clings to a non democratic institution like monarchy and a house of lords.,Strange that a democratic society like UK still clings to a non democratic institution like monarchy and a house of lords .,0,0,0,0,1,0,0,0,0,0,0,0,0,0,1,0,0,-1,-1,-1,-1,-1,-1,-1,-1,-1,1,-1,-1
Democracy,"The rise of UKIP on a wave of the UK's press obsessive xenophobia & scapegoating of migrants, and the consequent tilt of the Tories further right and their handling of Brexit, has fundamentally broken the UK's own political union, democratic institutions, and international status","The rise of UKIP on a wave of the UK's press obsessive xenophobia & scapegoating of migrants , and the consequent tilt of the Tories further right and their handling of Brexit , has fundamentally broken the UK's own political union , democratic institutions , and international status",0,0,0,1,1,0,0,0,0,0,0,0,1,0,1,0,0,-1,-1,-1,-1,-1,-1,-1,2,-1,1,-1,-1
Democracy,"In 2018 
 held the Lagos State Governorship debate where the four top contestants shared their ideas and programmes for the state. 
Platform has been committed to Nation building through the democratic system. We have been at it since 2007. Join us 1st of October 9am",In 2018 held the Lagos State Governorship debate where the four top contestants shared their ideas and programmes for the state . Platform has been committed to Nation building through the democratic system . We have been at it since 2007 . Join us 1st of October 9am,0,0,0,0,1,0,0,0,0,0,0,0,0,0,1,0,1,-1,-1,-1,-1,-1,-1,-1,-1,-1,1,-1,4
Democracy,Not sure I agree with this take on ranked choice voting. The benefit I see is both the Democratic & the Republican machines will no longer maintain the same antiquated control over the 2-party system; and bypass the primary system of concentrated ideology.,Not sure I agree with this take on ranked choice voting . The benefit I see is both the Democratic & the Republican machines will no longer maintain the same antiquated control over the 2 - party system ; and bypass the primary system of concentrated ideology .,0,0,0,0,0,0,0,0,0,0,0,0,0,0,0,0,0,-1,-1,-1,-1,-1,-1,-1,-1,-1,-1,-1,-1
Democracy,“It highlights the racism and antisemitism that was laced through the nation’s purportedly democratic institutions and led to their inaction in response to Germany’s persecution of Jews. Modern footage points up how these failings stubbornly endure.”,“ It highlights the racism and antisemitism that was laced through the nation ’ s purportedly democratic institutions and led to their inaction in response to Germany ’ s persecution of Jews . Modern footage points up how these failings stubbornly endure . ”,0,0,0,0,1,0,0,0,0,0,0,0,0,0,0,1,0,-1,-1,-1,-1,-1,-1,-1,-1,-1,-1,2,-1
Democracy,"""Rather than update their views to match the electorate, [Republicans] increasingly rely on anti-democratic practices and institutions such as the Electoral College, gerrymandering, voter suppression and — crucially — the judiciary.""",""" Rather than update their views to match the electorate , [ Republicans ] increasingly rely on anti-democratic practices and institutions such as the Electoral College , gerrymandering , voter suppression and — crucially — the judiciary . """,0,0,1,0,1,0,0,0,0,1,0,0,0,0,1,0,0,-1,-1,-1,-1,3,-1,-1,-1,-1,1,-1,-1
Democracy,Attention… This is our once in a lifetime chance to vote against and change the Democratic system that has held communities down. #democrats look us as deplorables or peasants. I’m on the ballot people Galvin threw us a bone let’s take it. Get out and vote Ayanna Pressley out!,Attention … This is our once in a lifetime chance to vote against and change the Democratic system that has held communities down . #democrats look us as deplorables or peasants . I ’ m on the ballot people Galvin threw us a bone let ’ s take it . Get out and vote Ayanna Pressley out !,0,0,0,0,1,0,0,0,0,0,0,0,0,0,1,0,1,-1,-1,-1,-1,-1,-1,-1,-1,-1,1,-1,3
Democracy,"“We’re furious that they’re trying to restrict how people can relive sombre but important historic events.”

well it’s what an unelected institution would and can do in the not very democratic uk, apparently","“ We ’ re furious that they ’ re trying to restrict how people can relive sombre but important historic events . ” well it ’ s what an unelected institution would and can do in the not very democratic uk , apparently",0,0,0,0,1,0,0,0,0,0,0,0,0,0,0,0,1,-1,-1,-1,-1,-1,-1,-1,-1,-1,-1,-1,3
Democracy,"As always, let’s be honest: only Republicans do this and it only happens with Democratic presidents. The whole political and economic system will spend the next year gaming out whether House Republicans will blow up the global economy by forcing the US into debt default.","As always , let ’ s be honest : only Republicans do this and it only happens with Democratic presidents . The whole political and economic system will spend the next year gaming out whether House Republicans will blow up the global economy by forcing the US into debt default .",0,1,0,1,0,0,0,1,0,0,0,0,1,0,0,0,0,-1,-1,2,-1,-1,-1,-1,1,-1,-1,-1,-1
Democracy,"We pay homage to Begum #NusratBhutto the great mother who fought for people's rights to strengthen the democratic system, on the occasion of her death anniversary.","We pay homage to Begum #NusratBhutto the great mother who fought for people's rights to strengthen the democratic system , on the occasion of her death anniversary .",0,0,0,0,1,0,0,0,0,0,0,0,0,0,0,0,1,-1,-1,-1,-1,-1,-1,-1,-1,-1,-1,-1,3
Democracy,"History shows us if there are no consequences for sedition against a democracy, the seditionists will use the same democratic system to overturn democracy.

Arrested for sedition and released:

Robert E. Lee
Hitler
Stalin
Chavez
Lenin
Mussolini

Trump?","History shows us if there are no consequences for sedition against a democracy , the seditionists will use the same democratic system to overturn democracy . Arrested for sedition and released : Robert E . Lee Hitler Stalin Chavez Lenin Mussolini Trump ?",0,0,0,0,1,0,0,0,0,0,0,0,0,0,1,0,0,-1,-1,-1,-1,-1,-1,-1,-1,-1,2,-1,-1
Democracy,The middle class is the only true semblance of a democratic system. The rich benefit from the ruling filth while the poor aren’t strong/motivated enough to voice their problems,The middle class is the only true semblance of a democratic system . The rich benefit from the ruling filth while the poor aren ’ t strong / motivated enough to voice their problems,0,1,0,0,1,0,0,0,1,0,0,0,0,0,1,1,1,-1,-1,-1,1,-1,-1,-1,-1,-1,1,1,3
Democracy,"Trying to build a coalition “with the right” is no different than trying to build a coalition “with the Democratic Party”, which is why CPUSA strategy rejects working with the DP institution & calls for working with/developing the forces of politics independence.","Trying to build a coalition “ with the right ” is no different than trying to build a coalition “ with the Democratic Party ” , which is why CPUSA strategy rejects working with the DP institution & calls for working with / developing the forces of politics independence .",0,0,0,0,0,0,0,0,0,0,0,0,0,0,0,0,0,-1,-1,-1,-1,-1,-1,-1,-1,-1,-1,-1,-1
Democracy,"""[T]he advantages of democracy as a method of peaceful change and of political education seem to be so great compared with those of any other system that I can have no sympathy with the anti-democratic strain of conservatism."" F. A. Hayek",""" [ T ] he advantages of democracy as a method of peaceful change and of political education seem to be so great compared with those of any other system that I can have no sympathy with the anti-democratic strain of conservatism . "" F . A . Hayek",0,0,0,0,1,0,0,0,0,0,0,0,0,0,1,0,0,-1,-1,-1,-1,-1,-1,-1,-1,-1,1,-1,-1
Democracy,What Iranian people want is crystal clear. People are not after dismantling the morality police or lifting of sanctions. People want regime change and want to replace it with a secular democratic system,What Iranian people want is crystal clear . People are not after dismantling the morality police or lifting of sanctions . People want regime change and want to replace it with a secular democratic system,0,0,0,0,1,0,0,0,0,0,0,0,0,0,1,0,0,-1,-1,-1,-1,-1,-1,-1,-1,-1,2,-1,-1
Democracy,"A distributed, pro-authoritarian, anti-democratic white supremacist movement has embedded itself in US political, military, & law-enforcement institutions, but on the other hand, Biden gave a speech with a red background, so ¯\_(ツ)_/¯","A distributed , pro-authoritarian , anti-democratic white supremacist movement has embedded itself in US political , military , & law-enforcement institutions , but on the other hand , Biden gave a speech with a red background , so ¯ \ _ ( ツ ) _ / ¯",0,0,0,0,1,0,0,0,0,0,0,0,0,0,1,1,0,-1,-1,-1,-1,-1,-1,-1,-1,-1,1,1,-1
Democracy,"Delhi | We all have to work like workers of the party, nobody is big or small in the party. We have to unitedly fight against the fascist forces that are attacking the democratic institutions under the garb of communalism: Congress President-elect Mallikarjun Kharge","Delhi | We all have to work like workers of the party , nobody is big or small in the party . We have to unitedly fight against the fascist forces that are attacking the democratic institutions under the garb of communalism : Congress President-elect Mallikarjun Kharge",0,0,1,0,1,0,0,0,0,0,0,1,0,0,0,0,1,-1,-1,-1,-1,-1,-1,1,-1,-1,-1,-1,4
Democracy,"""the openly declared intentions of Trump and those MAGA Republicans show that they undeniably do pose a threat to our democratic system at a bedrock level.""",""" the openly declared intentions of Trump and those MAGA Republicans show that they undeniably do pose a threat to our democratic system at a bedrock level . """,0,0,0,0,1,0,0,0,0,0,0,0,0,0,1,0,0,-1,-1,-1,-1,-1,-1,-1,-1,-1,2,-1,-1
Democracy,Dear Saskatchewan. We need to stop electing absolute clowns as our representatives in our democratic institutions. Please and thank you.,Dear Saskatchewan . We need to stop electing absolute clowns as our representatives in our democratic institutions . Please and thank you .,0,0,0,0,1,0,0,0,0,0,0,0,0,0,1,0,1,-1,-1,-1,-1,-1,-1,-1,-1,-1,1,-1,3
Democracy,"If 
 becomes PM without a single interview or a smidgin of scrutiny, let alone a public vote, the British electoral system will look no more democratic than a banana republic. He will have no mandate. And that is disgraceful.","If becomes PM without a single interview or a smidgin of scrutiny , let alone a public vote , the British electoral system will look no more democratic than a banana republic . He will have no mandate . And that is disgraceful .",0,0,0,0,1,0,0,0,0,0,0,0,0,0,0,0,1,-1,-1,-1,-1,-1,-1,-1,-1,-1,-1,-1,3
Democracy,"Eroding democratic institutions, checks on state power and individual rights in order to achieve your policy goals is bad, actually.

I feel this is one good scenario where it's appropriate to invoke Venezuela.","Eroding democratic institutions , checks on state power and individual rights in order to achieve your policy goals is bad , actually . I feel this is one good scenario where it's appropriate to invoke Venezuela .",0,0,0,0,1,0,0,0,0,0,0,0,0,0,1,0,1,-1,-1,-1,-1,-1,-1,-1,-1,-1,1,-1,3
Democracy,"The fact that Alberta LG felt compelled to comment on UCP leadership race is unprecedented. It is an alarm alerting us to the decline of our democratic institutions & parliamentary tradition. 
We can no longer depend on UCP premiership candidates to uphold laws.
#ableg #cdnpoli",The fact that Alberta LG felt compelled to comment on UCP leadership race is unprecedented . It is an alarm alerting us to the decline of our democratic institutions & parliamentary tradition . We can no longer depend on UCP premiership candidates to uphold laws . #ableg #cdnpoli,0,0,0,0,1,0,0,0,0,0,0,0,0,0,1,0,1,-1,-1,-1,-1,-1,-1,-1,-1,-1,0,-1,3
Democracy,"For recognizing Hazara genocide, 
#StopHazaraGenocide. mass killing and genocide the Hazara youth,in kaj educational institution is obvious.
The reason of all are Afghan and Afghanistan,the solution is khurasan federal democratic republic or independent hazaristan.","For recognizing Hazara genocide , #StopHazaraGenocide . mass killing and genocide the Hazara youth , in kaj educational institution is obvious . The reason of all are Afghan and Afghanistan , the solution is khurasan federal democratic republic or independent hazaristan .",0,0,0,1,1,0,0,0,0,0,0,0,1,0,0,1,0,-1,-1,-1,-1,-1,-1,-1,1,-1,-1,2,-1
Democracy,"When fascists like PP and Conservative Party attack our democratic institutions with lies, you bet they should defend themselves with the truth! Unlike your record, we won’t let them disappear into the bin of history’s failures!","When fascists like PP and Conservative Party attack our democratic institutions with lies , you bet they should defend themselves with the truth ! Unlike your record , we won ’ t let them disappear into the bin of history ’ s failures !",0,0,0,0,1,0,0,0,0,0,0,0,0,0,0,0,1,-1,-1,-1,-1,-1,-1,-1,-1,-1,-1,-1,3
Democracy,"Political libertarians are democratic hackers. They take democracies and insert destructive anti-social code into the operating system, ideas and beliefs about individual freedoms that are fundamentally opposed to the whole idea of democracy. /1","Political libertarians are democratic hackers . They take democracies and insert destructive anti-social code into the operating system , ideas and beliefs about individual freedoms that are fundamentally opposed to the whole idea of democracy . / 1",0,0,1,0,0,0,0,0,0,0,0,1,0,0,0,0,0,-1,-1,-1,-1,-1,-1,2,-1,-1,-1,-1,-1
Democracy,"""The best thing that could happen for the country & for what's left of the republican party is to defeat as many candidates that they have running & force them to purge their party of the disease that has spread and is undermining our democratic institutions & our rule of law.""",""" The best thing that could happen for the country & for what's left of the republican party is to defeat as many candidates that they have running & force them to purge their party of the disease that has spread and is undermining our democratic institutions & our rule of law . """,0,0,0,0,1,0,0,0,0,0,0,0,0,0,1,0,0,-1,-1,-1,-1,-1,-1,-1,-1,-1,0,-1,-1
Democracy,"Follow the money. MIT, FTX, Securities Commission, Democratic Party, Ukraine, and… you’ll start to figure out what’s going on in the US. Politically, Dems are designed to win because they built the system to do so. #FTX #Democrats #Biden #Ukraine Follow the money.","Follow the money . MIT , FTX , Securities Commission , Democratic Party , Ukraine , and … you ’ ll start to figure out what ’ s going on in the US . Politically , Dems are designed to win because they built the system to do so . #FTX #Democrats #Biden #Ukraine Follow the money .",0,0,0,0,1,0,0,0,0,0,0,0,0,0,1,0,0,-1,-1,-1,-1,-1,-1,-1,-1,-1,1,-1,-1
Democracy,"Even Khan's worst critic accepts that a fair election will mean 2/3rd majority for him.

They just want some non democratic forces to rig the system to avoid that.

Btw. the guy I'm quoting is a lawyer.",Even Khan's worst critic accepts that a fair election will mean 2/3 rd majority for him . They just want some non democratic forces to rig the system to avoid that . Btw . the guy I'm quoting is a lawyer .,0,0,0,0,1,0,0,0,0,0,0,0,0,0,0,1,0,-1,-1,-1,-1,-1,-1,-1,-1,-1,-1,1,-1
Democracy,"The Democratic Party is resuscitating Jim Crow; only the 21st century replacement creates a caste system in which Republicans, rather than blacks are the de facto second class citizens. They use the FBI rather than the KKK to harass and intimidate.","The Democratic Party is resuscitating Jim Crow ; only the 21st century replacement creates a caste system in which Republicans , rather than blacks are the de facto second class citizens . They use the FBI rather than the KKK to harass and intimidate .",0,0,0,0,1,0,0,0,0,0,0,0,0,0,0,1,1,-1,-1,-1,-1,-1,-1,-1,-1,-1,-1,1,3
Democracy,"The claim by the left (Marxists) that they are democratic is a lie. They work to destroy what makes democratic institutions work - ethnocentricity. This is why Confederate things are being erased, they represent a section of White America, why the Redskins name is gone.","The claim by the left ( Marxists ) that they are democratic is a lie . They work to destroy what makes democratic institutions work - ethnocentricity . This is why Confederate things are being erased , they represent a section of White America , why the Redskins name is gone .",0,0,0,0,1,0,0,0,0,0,0,0,0,0,0,0,1,-1,-1,-1,-1,-1,-1,-1,-1,-1,-1,-1,3
Democracy,Are you a student looking to play a role in the democratic traditions of Saskatchewan's parliamentary system? Apply to be a Legislative Page this fall:,Are you a student looking to play a role in the democratic traditions of Saskatchewan's parliamentary system ? Apply to be a Legislative Page this fall :,1,0,0,0,0,0,1,0,0,0,0,0,0,0,0,0,0,-1,2,-1,-1,-1,-1,-1,-1,-1,-1,-1,-1
Democracy,"Don't get distracted by fake news and political wrangling in the country.
Respect the democratic institution. 
The armed forces with the support of our citizens, will never allow any country, group or force to politically or economically destabilize Pakistan. COAS","Don't get distracted by fake news and political wrangling in the country . Respect the democratic institution . The armed forces with the support of our citizens , will never allow any country , group or force to politically or economically destabilize Pakistan . COAS",0,0,0,0,1,0,0,0,0,0,0,0,0,0,0,0,1,-1,-1,-1,-1,-1,-1,-1,-1,-1,-1,-1,3
Democracy,"Good for Joe Biden for calling out the MAGA-heads for what they are: a dangerous anti-democracy mob with no respect for the Constitution, our democratic values and institutions, and the rule of law. Republicans are outraged, but facts are facts, and truth must be told.","Good for Joe Biden for calling out the MAGA-heads for what they are : a dangerous anti-democracy mob with no respect for the Constitution , our democratic values and institutions , and the rule of law . Republicans are outraged , but facts are facts , and truth must be told .",0,0,0,0,1,0,0,0,0,0,0,0,0,0,1,0,1,-1,-1,-1,-1,-1,-1,-1,-1,-1,1,-1,3
Democracy,"Today is the 30th anniversary of the death of one of my personal heroes: Alexander Dubček 

A democratic socialist, he tried to reform the authoritarian communist system into a “Socialism with a human face”

But then in 1968 the Soviet tanks came in and destroyed everything","Today is the 30th anniversary of the death of one of my personal heroes : Alexander Dubček A democratic socialist , he tried to reform the authoritarian communist system into a “ Socialism with a human face ” But then in 1968 the Soviet tanks came in and destroyed everything",1,0,0,0,1,1,0,0,0,0,0,0,0,0,0,0,1,3,-1,-1,-1,-1,-1,-1,-1,-1,-1,-1,3
Democracy,"“I think the primary system we have is.one of the most significant threats to the democratic system."" Hear more about primaries and polarization from 
 + other notable guests on this special episode of ‘Let’s Find Common Ground.' >>","“ I think the primary system we have is.one of the most significant threats to the democratic system . "" Hear more about primaries and polarization from + other notable guests on this special episode of ‘ Let ’ s Find Common Ground . ' > >",0,0,0,0,1,0,0,0,0,0,0,0,0,0,0,0,1,-1,-1,-1,-1,-1,-1,-1,-1,-1,-1,-1,4
Democracy,"Exactly! Why #Modi does all the inagurations? 

Now #BJP is #Modi and #Modi is #BJP

Personality Cult of Modi has overpowered the Democratic institutions of the country and the biggest culprit are people themselves.

#INSVikrant",Exactly ! Why #Modi does all the inagurations ? Now #BJP is #Modi and #Modi is #BJP Personality Cult of Modi has overpowered the Democratic institutions of the country and the biggest culprit are people themselves . #INSVikrant,0,0,0,0,1,0,0,0,0,0,0,0,0,0,0,0,1,-1,-1,-1,-1,-1,-1,-1,-1,-1,-1,-1,4
Democracy,"Full support for my Brazilian designer colleagues & friends in this crucial election for Brazil. May Lula win with a clear majority, while hoping that the extreme right does not play Trump's same game in mistrust of the democratic system.

#Eleicoes2022 #Brasil","Full support for my Brazilian designer colleagues & friends in this crucial election for Brazil . May Lula win with a clear majority , while hoping that the extreme right does not play Trump's same game in mistrust of the democratic system . #Eleicoes2022 #Brasil",0,0,0,0,1,0,0,0,0,0,0,0,0,0,1,0,1,-1,-1,-1,-1,-1,-1,-1,-1,-1,3,-1,2
Democracy,"Town Halls don’t lie. People in #CA27 are concerned about addressing the climate crisis, defending our democratic institutions and reproductive freedom, and bringing our communities back together. We have a plan for that.","Town Halls don ’ t lie . People in #CA27 are concerned about addressing the climate crisis , defending our democratic institutions and reproductive freedom , and bringing our communities back together . We have a plan for that .",0,0,1,0,1,0,0,0,0,1,0,1,0,0,0,1,0,-1,-1,-1,-1,0,-1,1,-1,-1,-1,1,-1
Democracy,"""We need to reform the electoral system.We need to also reform the Judiciary.Not because I feel bitter,it must not be Raila Odinga.I have fought hard 4 the democratisation of our country & have paid the price 4 it, but I want when I'm gone, I leave behind a democratic society.""",""" We need to reform the electoral system.We need to also reform the Judiciary.Not because I feel bitter , it must not be Raila Odinga . I have fought hard 4 the democratisation of our country & have paid the price 4 it , but I want when I'm gone , I leave behind a democratic society . """,0,0,0,0,1,0,0,0,0,0,0,0,0,0,1,1,0,-1,-1,-1,-1,-1,-1,-1,-1,-1,3,3,-1
